QuestionNumber,ToReplace,ReplaceWith,TypeOfReplacement,AddedBy,
Question 1,behive,beehive,typo,JP,
Question 1,bee hive,beehive,typo,JP,
Question 1,behive,beehive,typo,MH,
Question 4,go on vacation,vacation,tense,MH,
Question 6,emotions,emotion,plural,MH,
Question 9,awake,wake,tense,MH,
Question 9,rouse ,arouse ,typo,MH,
Question 9,awaken ,wake,tense,MH,
Question 9,arose,arouse ,tense,MH,
Question 9,talk ,talk to,tense,MH,
Question 9,deal,deal with,tense,MH,
Question 10,pictures ,picture ,plural,MH,
Question 12,vally,valley,typo,MH,
Question 12,vallly,valley,typo,MH,
Question 12,raven,ravine,typo,MH,
Question 14,diagnoses,diagnosis,typo,MH,
Question 14,diagnose,diagnosis,tense,MH,
Question 16,speach,speech,typo,MH,
Question 17,compose,compost,typo,MH,
Question 17,manuer,manure,typo,MH,
Question 19,desert,dessert,typo,MH,
Question 19,employee,employees,plural,MH,
Question 20,rach,rack,typo,MH,
Question 20,racks,rack,plural,MH,
Question 20,shelve,shelf,typo,MH,
Question 20,shelves,shelf,plural,MH,
Question 21,curves,curve,plural,MH,
Question 23,poisiness,poisonous,typo,MH,
Question 23,poison,poisonous,tense,MH,
Question 23,perrenial,perennial,typo,MH,
Question 23,flytrap,venus fly trap,typo,MH,
Question 23,hibicus,hibiscus,typo,MH,
Question 24,kicking,kick,tense,MH,
Question 24,falling,fall,tense,MH,
Question 24,s kick,kick,typo,MH,
Question 24,throw,throwing you,tense,MH,
Question 24,butt,bucking,typo,MH,
Question 25,sight,eyesight,typo,MH,
Question 26,leg,legs,plural,MH,
Question 26,hoofs,hooves,typo,MH,
Question 26,hoof ,hooves,plural,MH,
Question 26,foot,feet,plural,MH,
Question 26,food,feet,typo,MH,
Question 28,hug,hug her,typo,MH,
Question 29,hatches,hatch,plural,MH,
Question 29,handles,handle,plural,MH,
Question 30,name,names,tense,MH,
Question 31,wath,watch,typo,MH,
Question 32,hasp,clasp,typo,MH,
Question 34,flying ,fly,tense,MH,
Question 34,flly,fly,typo,MH,
Question 34,nests ,nest,plural,MH,
Question 34,soaring,soar,tense,MH,
Question 35,replentish,replenish,typo,MH,
Question 35,renourish,nourish,typo,MH,
Question 36,rod,rods,plural,MH,
Question 36,lure,lures,plural,MH,
Question 36,bate,bait,typo,MH,
Question 37,rouse ,ruse,typo,MH,
Question 38,low cut,cut,typo,MH,
Question 38,tears,tear,plural,MH,
Question 38,colors,color,plural,MH,
Question 38,hem,hemline,typo,MH,
Question 38,hole,holes,plural,MH,
Question 40,plate,plates,plural,MH,
Question 41,give out,give,typo,MH,
Question 43,fuzz,fuzziness,tense,MH,
Question 43,fuzzy view,fuzziness,typo,MH,
Question 43,glich,glitch,typo,MH,
Question 43,issue,issues,plural,MH,
Question 43,studder,stutter ,typo,MH,
Question 44,cheecks,cheeks,typo,MH,
Question 46,breads,bread,plural,MH,
Question 46,doughnuts,donuts,typo,MH,
Question 46,breads,bread,plural,MH,
Question 50,weidth,width,typo,MH,
Question 50,bass,base,typo,MH,
Question 50 ,circumfrence,circumference ,typo,MH,
Question 52,poor,pour,typo,MH,
Question 52,poor out ,pour ,typo,MH ,
Question 53,onions,onion,plural,MH,
Question 53,spice,spices,plural,MH,
Question 53,seasonings,seasoning,plural,MH,
Question 53,veggies,vegetables,typo,MH,
Question 53,mushrooms,mushroom,plural,MH,
Question 54,crop,crops,plural,MH,
Question 54,the land,land,typo,MH,
Question 55,cleaining ,clean,typo,MH,
Question 56,set,sat,typo,MH,
Question 56,satq,sat,typo,MH,
Question 56,sit ,sitting ,tense,MH,
Question 57 ,lite,lit,typo,MH,
Question 60,tool,tools,plural,MH,
Question 60,part,parts,plural,MH,
Question 61,concideration,consideration,typo,MH,
Question 62,messsage,message,typo,MH,
Question 63,hooks,hook,plural,MH,
Question 63 ,bate,bait,typo,MH,
Question 64,penguins,penguin,plural,MH,
Question 64,lepoard,leopard ,typo,MH,
Question 65,pepperspray,pepper spray,typo,MH,
Question 65,her mace,mace,typo,MH,
Question 65,a punch,punches,typo,MH,
Question 65 ,guns,a gun,typo,MH,
Question 65,gun,a gun,typo,MH,
Question 66,dogs,dog,plural,MH,
Question 66,slides,slide,plural,MH,
Question 66,swins,swans,typo,MH,
Question 66,sitter,babysitter,typo,MH,
Question 66,dof,dog,typo,MH,
Question 66,pidgeons,pigeons,typo,MH,
Question 67,surfer,surfers,plural,MH,
Question 67,whale,whales,plural,MH,
Question 67,gulls,seagulls,typo,MH,
Question 67,children play,children,typo,MH,
Question 68,cockroach,roach,typo,MH,
Question 69,emotions,emotion,plural,MH,
Question 69,compsure,composure,typo,MH,
Question 70,yatch,yacht,typo,MH,
Question 71,nitch,notch,typo,MH,
Question 71,notches,notch,plural,MH,
Question 71,niche,notch,typo,MH,
Question 71,nick,nock,typo,MH,
Question 71,dents,indentation,typo,MH,
Question 71,quivver,quiver,typo,MH,
Question 71,nook,nock,typo,MH,
Question 71,clips,clip,plural,MH,
Question 72,policies,policy,plural,MH,
Question 72,salaries,salary,plural,MH,
Question 73,feed,fed,tense,MH,
Question 73,petted,pet,tense,MH,
Question 74,doorlock,lock,typo,MH,
Question 76,brake,break,typo,MH,
Question 77,airplane,plane,typo,MH,
Question 78,rise,raise,tense,MH,
Question 79,shir,shirt,typo,MH,
Question 84,granfather,grandfather,typo,MH,
Question 91,plowing ,plow,tense,MH,
Question 92,gowl,growl,typo,MH,
Question 93,ear,ears,plural,MH,
Question 94,hamer,hammer,typo,MH,
Question 96,cardinel,cardinal,typo,MH,
Question 96,humingbird,hummingbird,typo,MH,
Question 96,chickatee,chickadee,typo,MH,
Question 96,bluejay,blue jay,typo,MH,
Question 97,fertilzer,fertilizer,typo,MH,
Question 97,fertalizer,fertilizer,typo,MH,
Question 97,ferterlizer,fertilizer,typo,MH,
Question 98,badly,bad,tense,MH,
Question 99,orgainic,organic,typo,MH,
Quesion 99,grassfed,grass-fed,typo,MH,
Question 100,hooks,hook,plural,MH,
Question 101 ,voided,void,tense,MH,
Question 103,mice,mouse,tense,MH,
Question 103,varmints,varmint,plural,MH,
Question 104,tags,tag,plural,MH,
Question 104,butons,buttons,typo,MH,
Question 104,button,buttons,plural,MH,
Question 105,saphire,sapphire ,typo,MH,
Question 107,totalled,totaled,typo,MH,
Question 107,broke,broken,tense,MH,
Question 103,booing,boo,tense,MH,
Question 117,sticks,stick,plural,MH,
Question 117,eye,eyes,plural,MH,
Question 117,heads,head,plural,MH,
Question 118,hives,hive,plural,MH,
Question 118,nests ,nest,plural,MH,
Question 119,tyme,thyme,typo,MH,
Question 119,oreagno,oregano,typo,MH,
Question 119,carraway,caraway,typo,MH,
Question 120,counter,counters,plural,MH,
Question 120,cabinet,cabinets,plural,MH,
Question 120 ,countertop,countertops,plural,MH,
Question 120,cabinents,cabinets,plural,MH,
Question 122,souvenier,souvenir,typo,MH,
Question 122,shel,shell,typo,MH,
Question 122,souveneir,souvenir,typo,MH,
Question 122,shells,shell,plural,MH,
Question 123,wath,watch,typo,MH,
Question 123,thef,theif,typo,MH,
Question 127,vandalizing,vandalize,tense,MH,
Question 127,rummaging,rummage,tense,MH,
Question 129,ducks,duck,plural,MH,
Question 129,geese,goose,tense,MH,
Question 129,birds,bird,plural,MH,
Question 129,swans,swan,plural,MH,
Question 131,breifcase,briefcase,typo,MH,
Question 132,amatuers,amateurs,typo,MH,
Question 132,the weak,weaklings,typo,MH,
Question 133,qeen,queen,typo,MH,
Question 137,sty.e,style,typo,MH,
Question 137,fashionable,fashion,tense,MH,
Question 142,hide,hid,tense,MH,
Question 142,his,hid,typo,MH,
Question 143,fins,fin,plural,MH,
Question 143,gill,gills,plural,MH,
Question 143,gils,gills,typo,MH,
Question 143,gins,gills,typo,MH,
Question 143,fun,fin,typo,MH,
Question 144,grand children,grandchildren,typo,AZ,
Question 145,nusiance,nuisance,typo,AZ,
Question 146,woke,awoke,tense,AZ,
Question 146,woke up,awoke,typo,AZ,
Question 148,listening,listener,typo,AZ,
Question 150,arguing,argument,tense,AZ,
Question 150,arguement,argument,typo,AZ,
Question 150,arguments,argument,plural,AZ,
Question 150,arugment,argument,typo,AZ,
Question 154,nail,nails,plural,AZ,
Question 154,lips,lip,plural,AZ,
Question 154,lib,lip,typo,AZ,
Question 154,toungue,tongue,typo,AZ,
Question 154,tonge,tongue,typo,AZ,
Question 154,finger nails,fingernails,typo,AZ,
Question 155,fertilzer,fertilizer,typo,AZ,
Question 155,supply,supplies,plural,AZ,
Question 156,contacts,contact,plural,AZ,
Question 156,lense,lens,typo,AZ,
Question 156,sty,stye,typo,AZ,
Question 157,mountain,mountains,plural,AZ,
Question 157,moutains,mountains,typo,AZ,
Question 157,valleys,valley,typo,AZ,
Question 157,paths,path,plural,AZ,
Question 158,studying ,studied ,tense,MH,
Question 158,writing ,wrote,tense,MH,
Question 158,eat,eats,plural,MH,
Question 158,runs,ran,tense,MH,
Question 158,relaxes,relaxed,tense,MH,
Question 158,walks,walked,tense,MH,
Question 158,working ,worked,tense,MH,
Question 159,grade,grades,plural,MH,
Question 159,scores,score,plural,MH,
Question 159,preformance,performance,typo,MH,
Question 160,shivver,shiver,typo,MH,
Question 163,hoof,hooves,plural,MH,
Question 164,amaerican,american,typo,MH,
Question 166,motivaton,motivation,typo,MH,
Question 166,initative,initiative,typo,MH,
Question 166,potiental,potential,typo,MH,
Question 166,skills,skill,plural,MH,
Question 168,colors,color,plural,MH,
Question 168,coloring ,color,tense,MH,
Question 168,marks,marking,tense,MH,
Question 169,rail,railing,tense,MH,
Question 169,kane,cane,typo,MH,
Question 170,fillet,filet,typo,MH,
Question 170,eye,eyes,plural,MH,
Question 170 ,fins,fin,plural,MH,
Question 171,mut,mutt,typo,MH,
Question 172,compase,compass,typo,MH,
Question 172,fnger,finger,typo,MH,
Question 172,sails,sail,plural,MH,
Question 174,rougue,rogue,typo,MH,
Question 174,awall,awol ,typo,MH,
Question 174,rouge,rogue,typo,MH,
Question 175,livingroom,living room,typo,MH,
Question 177,terroists,terrorists,typo,MH,
Question 177,wars,war,plural,MH,
Question 178,tutrle,turtle,typo,MH,
Question 179,excersize,exercise,typo,MH,
Question 179,exericse,exercise,typo,MH,
Question 180,working ,work,tense,MH,
Question 180,classs,class,typo,MH,
Question 181,soften it ,soften ,typo,MH,
Question 181,thicken it,thicken,typo,MH,
Question 182,speciality,specialty ,typo,MH,
Question 183,babies,baby,plural,MH,
Question 183,ponies,pony,plural,MH,
Question 183,foals,foal,plural,MH,
Question 184,glass,glasses,plural,MH,
Question 184,goblet,goblets,plural,MH,
Question 187,id,show id,typo,MH,
Question 188,tierd,tired,typo,MH,
Question 188,persistant,persistent ,typo,MH,
Question 189,wants,wanted,tense,MH,
Question 191,fiind,find,typo,MH,
Question 193,lashing,lash,tense,MH,
Question 194,caugh,cough,typo,MH,
Question 195,awake,awaken,tense,MH,
Question 195,waken,wake,tense,MH,
Question 199,beautuful,beautiful,typo,MH,
Question 201,hands,hand,plural,MH,
Question 202,the mess,mess,typo,MH,
Question 204,friend,friends,plural,MH,
Question 204,buddy,buddies,plural,MH,
Question 204,pal,pals,plural,MH,
Question 206,rythm,rhythm,typo,MH,
Question 206,tones,tone,plural,MH,
Question 206,rhythms,rhythm,plural,MH,
Question 206,sound,sounds,plural,MH,
Question 207,discipine,discipline ,typo,MH,
Question 207,discipline him,discipline ,typo,MH,
Question 208,sweety,sweetie,typo,MH,
Question 208,princecess,princess,typo,MH,
Question 209,awake,awaken,tense,MH,
Question 209,waken,wake,tense,MH,
Question 210,scowl,scoul,typo,MH,
Question 211,sirene ,serene ,typo,MH,
Question 211,shadey,shady,typo,MH,
Question 212,embarass,embarrass,typo,MH,
Question 212,sabatoge,sabotage,typo,MH,
Question 213,gliter,glitter,typo,MH,
Question 213,jewelery,jewelry ,typo,MH,
Question 214,bears,bear,plural,MH,
Question 216,cleaners,cleaner,plural,MH,
Question 219,hung,hanging,tense,MH,
Question 220,emotion,emotions,plural,MH,
Question 220,hatred,hate,tense,MH,
Question 220,desires,desire,plural,MH,
Question 222,screemed,screamed,typo,MH,
Question 224,shutup,shut up ,typo,MH,
Question 225,fall,fell,tense,MH,
Question 229,ghosts,ghost,plural,MH,
Question 231,rythem,rhythm,typo,MH,
Question 234,kign,king,typo,MH,
Question 234,fullhouse,full house,typo,MH,
Question 235,quinch,quench,typo,MH,
Question 235,satisy,satisfy,typo,MH,
Question 236,pizzaz,pizzazz,typo,MH,
Question 236,polishing,polish,tense,MH,
Question 236,details,detail,plural,MH,
Question 237,laughing ,laughter,tense,MH,
Question 237,attititude,attitude,typo,MH,
Question 238,chaian,chain,typo,MH,
Question 238,bones,bone,plural,MH,
Question 239,stand,stands,plural,MH,
Question 241,rubs,rub,plural,MH,
Question 242,dogs,dog,plural,MH,
Question 242,bullies,bully,plural,MH,
Question 242,kids,kid,plural,MH,
Question 243,hanged,hung,tense,MH,
Question 243,investagted,investigated,typo,MH,
Question 243,aquitted,acquitted,typo,MH,
Question 243,guilty,found guilty,typo,MH,
Question 245,purfume,perfume,typo,MH,
Question 246,mountians,mountains,typo,MH,
Question 246,mountain,mountains,plural,MH,
Question 246,son,sun,typo,MH,
Question 247,steps,step,plural,MH,
Question 247,threshhold,threshold,typo,MH,
Question 247,wiring,wires,tense,MH,
Question 247,wire,wires,plural,MH,
Question 249,star,stars,plural,MH,
Question 250,cafe,cage,typo,MH,
Question 251,rope,ropes,plural,MH,
Question 251,weight,weights,plural,MH,
Question 252,stores,the store,typo,MH,
Question 253,bluejays,blue jays,typo,MH,
Question 253,bluejay,blue jays,typo,MH,
Question 253,carnaries,canaries,typo,MH,
Question 253,canary,canaries,plural,MH,
Question 253,bird,birds,plural,MH,
Question 253,robin,robins,plural,MH,
Question 253,mockingbird,mockingbirds,plural,MH,
Question 253,sparrow,sparrows,plural,MH,
Question 253,dove,doves,plural,MH,
Question 253,songbird,songbirds,plural,MH,
Question 253,wren,wrens,plural,MH,
Question 253,parrot,parrots,plural,MH,
Question 254,duece,deuce,typo,MH,
Question 257,hoove,hoof,typo,MH,
Question 257,hoofs,hoof,typo,MH,
Question 257,hooves,hoof,plural,MH,
Question 257,leg,legs,plural,MH,
Question 257,goot,foot,typo,MH,
Question 257,feet,foot,plural,MH,
Question 258,lose,loss,typo,MH,
Question 258,tickets,ticket,plural,AZ,
Question 263,jugs,jug,plural,AZ,
Question 263,containers,container,plural,AZ,
Question 263,jog,jug,typo,AZ,
Question 264,pots,pot,plural,AZ,
Question 264,counters,counter,plural,AZ,
Question 265,raddish,radish,typo,AZ,
Question 265,plums,plum,plural,AZ,
Question 266,spices,spice,plural,AZ,
Question 270,guest,guests,plural,AZ,
Question 273,bg,bag,typo,AZ,
Question 276,spatter,splatter,typo,AZ,
Question 276,suqirt,squirt,typo,AZ,
Question 282,cant,can't,typo,AZ,
Question 282,couldnt,couldn't,typo,AZ,
Question 282,didnt,didn't,typo,AZ,
Question 282,wouldnt',wouldn't,typo,AZ,
Question 283,pup,puppy,typo,MH,
Question 284,teachers,teacher,plural,MH,
Question 285,catepillar,caterpillar,typo,MH,
Question 285,catapillar,caterpillar,typo,MH,
Question 285,catepiller,caterpillar,typo,MH,
Question 287,reefs,reef,plural,MH,
Question 287,coves,cove,plural,MH,
Question 288,instructionsq,instructions,typo,MH,
Question 288,plan,plans,plural,MH,
Question 289,dmi,dim,typo,MH,
Question 289,so dim,dim,typo,MH,
Question 293,kites,kite,plural,MH,
Question 294,peave,peeve,typo,MH,
Question 294,pevee,peeve,typo,MH,
Question 294,peeves,peeve,plural,MH,
Question 294,pricipal,principal,typo,MH,
Question 294,princpal,principal,typo,MH,
Question 294,principle,principal,typo,MH,
Question 294,robes,robe,plural,MH,
Question 298,signs,sign,plural,MH,
Question 298,lights,light,plural,MH,
Question 298,signage,sign,typo,MH,
Question 298,direction,directions,plural,MH,
Question 299,brithday,birthday,typo,MH,
Question 301,spices ,spice,plural ,MH,
Question 305,guns,gun,plural ,MH,
Question 305,dual,duel,typo,MH,
Question 305,shootout,shoot out,typo,MH,
Question 306,knit,knitted,tense,MH,
Question 306,baking,baked,tense,MH,
Question 309,rudabaga,rutabaga,typo,MH,
Question 309,rutabega,rutabaga,typo,MH,
Question 309,raddish,radish,typo,MH,
Question 310,legs,leg,plural ,MH,
Question 312,hydralic,hydrolic,typo,MH,
Question 312,wench,winch,typo,MH,
Question 313,deeds,deed,plural ,MH,
Question 315,turns,turn,plural ,MH,
Question 315,routes,route,plural ,MH,
Question 315,streets,street,plural ,MH,
Question 316,accomplise,accomplice,typo,MH,
Question 316,accomplis,accomplice,typo,MH,
Question 316,accomplc,accomplice,typo,MH,
Question 316,allie,ally,typo,MH,
Question 316,safety-pin,safety pin,typo,MH,
Question 319,aligator,alligator,typo,MH,
Question 320,monstr,monster,typo,MH,
Question 322,balbber,blab,typo ,MH,
Question 324,poo,poop,typo,MH,
Question 327,wiz,whiz,typo,MH,
Question 331,dogs,dog,plural ,MH,
Question 334,comman,command,typo,MH,
Question 335,soup,soups ,plural ,MH,
Question 335,foods,food,pural,MH,
Question 338,coach,couch,typo,MH,
Question 339,had,has,tense,MH,
Question 339,does,did,tense,MH,
Question 340,valleys,valley,plural ,MH,
Question 340,lakes,lake,plural ,MH,
Question 340,seas,sea,plural ,MH,
Question 341,shoe,shoes,plural ,MH,
Question 341,jockstrap,jock-strap,typo,MH,
Question 343,souvenier,souvenir ,typo,MH,
Question 343,sno cone,snow cone,typo,MH,
Question 343,snowcone,snow cone,typo,MH,
Question 344,sweety,sweetie,typo,MH,
Question 344,chipy,chippy,typo,MH,
Question 344,soony,sonny,typo,MH,
Question 344,dolyl,dolly,typo,MH,
Question 345,assigmnet,assignment,typo,MH,
Question 345,chorse,chores,typo,MH,
Question 345,chore,chores,plural ,MH,
Question 347,coup,coop,typo,MH,
Question 347,egg,eggs,plural ,MH,
Question 349,cayote,coyote,typo,SDW,
Question 351,buisness,business,typo,SDW,
Question 352,slit,slits,plural ,SDW,
Question 354,wimper,whimper,typo,SDW,
Question 356,physic,physique,typo,SDW,
Question 356,appearande,appearance,typo,SDW,
Question 358,quick,quickly,tense,SDW,
Question 360,teething,teethe,tense,SDW,
Question 361,mass,mess,typo,SDW,
Question 365,tired,tire,tense,SDW,
Question 365,toire,tire,typo,SDW,
Question 370,peopl,people,typo,SDW,
Question 372,laigh,laughter,typo,SDW,
Question 373,ghong,gong,typo,SDW,
Question 376,prch,porch,typo,SDW,
Question 377,birds,bird,plural,SDW,
Question 378,colors,color,plural,SDW,
Question 378,stitch,stiching,tense,SDW,
Question 379,atorms,storms,typo,SDW,
Question 380,debts,debt,plural,SDW,
Question 381,fins,fin,plural,SDW,
Question 381,finn,fin,typo,SDW,
Question 383,secuirty,security,typo,SDW,
Question 384,moldy,mold,tense,SDW,
Question 386,chandalier,chandeliers,typo,SDW,
Question 386,vases,vase,plural,SDW,
Question 388,artritis,arthritis,typo,SDW,
Question 388,artritus,arthritis,typo,SDW,
Question 388,arthritus,arthritis,typo,SDW,
Question 388,athristis,arthritis,typo,SDW,
Question 388,arthiritis,arthritis,typo,SDW,
Question 388,fibromialgia,myalgia,typo,SDW,
Question 391,health,healthy,typo,SDW,
Question 391,tone,toned,tense,SDW,
Question 391,ft,fit,typo,SDW,
Question 393,bash,batch,typo,SDW,
Question 395,expiriment,experiment,typo,SDW,
Question 396,break,brake,typo,SDW,
Question 397,jersy,jersey,typo,SDW,
Question 399,qawk,gawk,typo,SDW,
Question 400,ropes ,rope,plural,MH,
Question 403,haircolor,hair color ,typo,MH,
Question 405,raining,rain,tense,MH,
Question 405,rained,rain,tense,MH,
Question 406,meade,mead,typo,MH,
Question 406,liqour,liquor,typo,MH,
Question 406,thingie,thingy,typo,MH,
Question 408,lip,lid,typo,MH,
Question 409,mote,moat,typo,MH,
Question 410,times,time,plural,MH,
Question 410,distane,distance,typo,MH,
Question 412,mis,miss,typo,MH,
Question 413,wheelburrow,wheelbarrow,typo,MH,
Question 414,tool,tools,plural,MH,
Question 414,part,parts,plural,MH,
Question 415,presdient,president,typo,MH,
Question 416,burb,burp,typo,MH,
Question 417,arguement,argument,typo,MH,
Question 417,fights,fight,plural,MH,
Question 418,jokes,joke,plural,MH,
Question 418,gags,gag,plural,MH,
Question 418,shows,show,plural,MH,
Question 418,commercials,commercial,plural,MH,
Question 418,ads,ad,plural,MH,
Question 420,safer,safe,tense,MH,
Question 421,conartist,con artist,typo,MH,
Question 421,cheater,cheat,typo,MH,
Question 422,sleak,speak,typo,MH,
Question 422,preform,perform,typo,MH,
Question 423,quieten,quiet,typo,MH,
Question 423,be quiet,quiet,tense,MH,
Question 424,lights,light,plural,MH,
Question 425,mit,mitt,typo,MH,
Question 426,purfume,perfume,typo,MH,
Question 427,a lie,lies,plural,MH,
Question 429,gene,genes,plural,MH,
Question 432,tread,thread,typo,MH,
Question 435,noticable,noticeable ,typo,MH,
Question 435,scandilous,scandalous,typo,MH,
Question 437,vatch,catch,typo,MH,
Question 439,sails,sail,plural,MH,
Question 442,avacado,avocado,typo,BM,
Question 445,lasagne,lasagna,typo,BM,
Question 447,wellbeing,well-being,typo,BM,
Question 447,marraige,marriage,typo,BM,
Question 449,whant,want,typo,BM,
Question 451,meats,meat,plural,BM,
Question 451,steaks,steak,plural,BM,
Question 458,response,responses,plural,BM,
Question 458,speach,speech,typo,BM,
Question 458,judgment,judgement,typo,BM,
Question 458,response,responses,plural,BM,
Question 460,sistere,sister,typo,BM,
Question 461,motorcyle,motorcycle,typo,BM,
Question 462,awall,awol,typo,BM,
Question 462,rouge,rogue,typo,BM,
Question 463,cheif,chief,typo,BM,
Question 467,vaugue,vague,typo,BM,
Question 467,confussing,confusing,typo,BM,
Question 469,jokes,joke,plural,BM,
Question 471,cayote,coyote,typo,BM,
Question 474,drinks,drink,plural,BM,
Question 476,veberance,vibrance,typo,BM,
Question 477,tomato,tomatoes,plural,BM,
Question 477,tomatos,tomatoes,typo,BM,
Question 477,onions,onion,plural,BM,
Question 477,radishes,radish,plural,BM,
Question 477,raddish,radish,typo,BM,
Question 477,tomoatoes,tomatoes,typo,BM,
Question 481,caring,care,tense,BM,
Question 481,heeding,heed,tense,BM,
Question 482,cord,chord,typo,BM,
Question 483,abscence,absence,typo,BM,
Question 484,to sleep,sleep,tense,BM,
Question 486,fly`,fly,typo,BM,
Question 486,nests,nest,plural,BM,
Question 489,concusion,concussion,typo,BM,
Question 489,heart-attack,heart attack,typo,BM,
Question 490,swimming,swim,tense,BM,
Question 490,approached,approach,tense,BM,
Question 491,welcomed,welcome,tense,BM,
Question 491,paniced,panicked,typo,BM,
Question 492,scrath,scratch,typo,BM,
Question 492,brusie,bruise,typo,BM,
Question 493,vacume,vacuum,typo,BM,
Question 494,job,jog,typo,BM,
Question 496,delievered,delivered,typo,BM,
Question 496,arrived,arriving,tense,BM,
Question 496,shipping,shipped,tense,BM,
Question 498,fan,fans,plural,BM,
Question 499,chose,choose,typo,BM,
Question 500,master,mastered,tense,SDW,
Question 500,exceled,excelled,typo,SDW,
Question 500,pocessed,posessed,typo,SDW,
Question 501,descision,decision,typo,SDW,
Question 501,speach,speech,typo,SDW,
Question 501,speach.,speech,typo,SDW,
Question 502,lose,loss,typo,SDW,
Question 503,feet,feat,typo,SDW,
Question 506,peak,peck,typo,SDW,
Question 509,slitter,slither,typo,SDW,
Question 512,ducks,duck,typo,SDW,
Question 513,shake,shook,tense,SDW,
Question 515,hiccups,hiccup,plural,SDW,
Question 518,stero,stereo,typo,SDW,
Question 518,stereor,stereo,typo,SDW,
Question 518,key,keys,plural,SDW,
Question 518,mirror,mirrors,plural,SDW,
Question 518,tire,tires,plural,SDW,
Question 519,request,requests,plural,SDW,
Question 519,demand,demands,plural,SDW,
Question 519,naggering,nagging,typo,SDW,
Question 519,questioning,questions,tense,SDW,
Question 519,calling,calls,tense,SDW,
Question 521,service,services,plural,BM,
Question 522,wove,weaved,tense,BM,
Question 522,made`,made,typo,BM,
Question 523,tugging,tug,tense,BM,
Question 524,ceral,cereal,typo,BM,
Question 524,soup0,soup,typo,BM,
Question 526,bears,bear,plural,BM,
Question 526,man,men,plural,BM,
Question 526,scream,screams,plural,BM,
Question 526,wolf,wolves,plural,BM,
Question 526,yelling,yells,plural,BM,
Question 526,howl,howls,plural,BM,
Question 528,woke,awoke,tense,BM,
Question 528,awakened,awoke,tense,BM,
Question 531,trueq,true ,typo,MH,
Question 531,vauge,vague,typo,MH,
Question 531,vage,vague,typo,MH,
Question 533,load,loaf,typo,MH,
Question 534,eage,eagle,typo,MH,
Question 535,kid,kids,plural,MH,
Question 535,boys,boy,plural,MH,
Question 535,teens,teen,plural,MH,
Question 536,hygeine,hygiene,typo,MH,
Question 538,moves,moved,tense,MH,
Question 539,tracks,track,plural,MH,
Question 540,masterbate,masturbate,typo,MH,
Question 543,blurry,blur,tense,MH,
Question 545,dandruf,dandruff,typo,MH,
Question 548,bad,badly,tense,MH,
Question 552,squeegy,squeegee,typo,MH,
Question 552,squeegie,squeegee,typo,MH,
Question 552,squigee,squeegee,typo,MH,
Question 552,squegee,squeegee,typo,MH,
Question 552,squeege,squeegee,typo,MH,
Question 552,sqeeze,squeegee,typo,MH,
Question 556,bane,name,typo,MH,
Question 560,trainned,trained,typo,BM,
Question 562,sqeak,squeak,typo,BM,
Question 563,finsih,finish,typo,BM,
Question 565,germanate,germinate,typo,BM,
Question 566,beams,beam,plural,BM,
Question 567,giveout,give out,typo,BM,
Question 571,damn,dam,typo,BM,
Question 571,dame,dam,typo,BM,
Question 572,racoon,raccoon,typo,BM,
Question 575,sweating,sweat,tense,BM,
Question 575,diet,dieting,tense,BM,
Question 582,tanned,tan,tense,BM,
Question 585,perservere,persevere,typo,BM,
Question 589,wits,wit,plural,BM,
Question 589,witts,wit,typo,BM,
Question 589,whit,wit,typo,BM,
Question 591,foodd,food,typo,BM,
Question 595,villages,village,plural,BM,
Question 596,dual,duel,typo,BM,
Question 597,shopping,shop,tense,BM,
Question 598,weeds,weed,plural,BM,
Question 598,we,weed,typo,BM,
Question 598,shrubs,shrub,plural,BM,
Question 599,scarr,scar,typo,BM,
Question 602,hores,chores,typo,BM,
Question 602,chorse,chores,typo,BM,
Question 604,sacs,sac,plural,BM,
Question 604,sacks,sac,typo,BM,
Question 604,fang,fangs,plural,BM,
Question 608,tides,tide,plural,BM,
Question 609,smoke,smoked,tense,BM,
Question 609,meditate,meditated,tense,BM,
Question 609,kiss,kissed,tense,BM,
Question 609,aloped,eloped,typo,BM,
Question 609,drink,drank,tense,BM,
Question 609,nap,napped,tense,BM,
Question 610,actor,actors,plural,BM,
Question 610,results,result,plural,BM,
Question 610,preformance,performance,typo,BM,
Question 610,camerman,cameraman,typo,BM,
Question 610,edit,editing,tense,BM,
Question 611,sgt,sergeant,typo,BM,
Question 611,cheif,chief,typo,BM,
Question 611,seargent,sergeant,typo,BM,
Question 611,a detective,detective,typo,BM,
Question 611,sargeant,sergeant,typo,BM,
Question 611,a sargeant,sergeant,typo,BM,
Question 611,captian,captain,typo,BM,
Question 611,sherif,sheriff,typo,BM,
Question 612,orginized,organized,typo,BM,
Question 615,ob,job,typo,BM,
Question 617,remarks,remark,plural,BM,
Question 617,jokes,joke,plural,BM,
Question 617,comments,comment,plural,BM,
Question 620,widdle,whittle,typo,MH,
Question 620,wittle,whittle,typo,MH,
Question 620,chissle,chisel,typo,MH,
Question 622,attendent,attendant,typo,MH,
Question 622,docor,doctor,typo,MH,
Question 622,carer,caregiver,typo,MH,
Question 622,assister,assistant,typo,MH,
Question 623,bronzse,bronze,typo,MH,
Question 623,ores,ore,plural,MH,
Question 623,mineral,minerals,plural,MH,
Question 625,wiskey,whiskey,typo,MH,
Question 628,talkitive,talkative,typo,MH,
Question 630,ear,ears,plural,AZ,
Question 630,eye,eyes,plural,AZ,
Question 632,bomb,bombing,tense,AZ,
Question 632,spry,spray,typo,AZ,
Question 632,spree,spray,typo,AZ,
Question 633,immensly,immensely,typo,AZ,
Question 633,alot,a lot,typo,AZ,
Question 634,office,officer,typo,AZ,
Question 634,seargent,sergeant,typo,AZ,
Question 635,door bell,doorbell,typo,AZ,
Question 637,wakl,walk,typo,AZ,
Question 638,wine,whine,typo,MH,
Question 640,suce,sauce,typo,MH,
Question 640,chesse,cheese,typo,MH,
Question 641,piked,puked,typo,MH,
Question 641,fall,fell,tense,MH,
Question 647,others,other ,plural,MH,
Question 651,sorceerer,sorcerer,typo,AZ,
Question 651,rince,prince,typo,AZ,
Question 652,time,times,plural,AZ,
Question 654,railing,railings,plural,AZ,
Question 654,rail,rails,plural,AZ,
Question 658,tool,tools,plural,AZ,
Question 658,idea,ideas,plural,AZ,
Question 659,looser,loser,typo,AZ,
Question 661,meade,mead,typo,AZ,
Question 661,beers,beer,plural,AZ,
Question 661,meed,mead,typo,AZ,
Question 662,lady,ladies,plural,AZ,
Question 662,women,woman,plural,AZ,
Question 662,song,songs,plural,AZ,
Question 663,ventrical,ventricle,typo,AZ,
Question 663,"ventricle (not sure here due to the word """"sugary"""")",ventricle,typo,AZ,
Question 664,wg,wag,typo,AZ,
Question 664,waag,wag,typo,AZ,
Question 665,stopsign,stop sign,typo,AZ,
Question 666,a bully,bully,typo,AZ,
Question 667,leach,leash,typo,AZ,
Question 667,leashe,leash,typo,AZ,
Question 667,leashes,leash,plural,AZ,
Question 670,book,books,plural,AZ,
Question 670,creeds,creed,plural,AZ,
Question 670,princaples,principle,plural,AZ,
Question 670,doctrine,doctrines,plural,AZ,
Question 670,docterine,doctrines,typo,AZ,
Question 670,gods,god,plural,AZ,
Question 671,molds,mold,plural,AZ,
Question 671,fertalizer,fertilizer,typo,AZ,
Question 671,gasses,gas,plural,AZ,
Question 671,peet,peat,typo,AZ,
Question 671,spores,spore,plural,AZ,
Question 671,molds,mold,plural,AZ,
Question 672,pencil,pencils,plural,AZ,
Question 672,crayon,crayons,plural,AZ,
Question 676,jokes,joke,plural,AZ,
Question 679,atop,stop,typo,AZ,
Question 682,ehad,head,typo,MH,
Question 682,heed,head,typo,MH,
Question 685,classes,class,plural,MH,
Question 686,jungement,judgement,typo,MH,
Question 686 ,luvk,luck,typo,MH,
Question 686,judgment,judgement,typo,MH,
Question 687,sooth,soothe,typo,MH,
Question 688,knit,knitted,typo,MH,
Question 689,burgler,burglar,typo,MH,
Question 689,buglar,burglar,typo,MH,
Question 689,burgular,burglar,typo,MH,
Question 689,burdlarv,burglar,typo,MH,
Question 689,burglars,burglar,plural,MH,
Question 689,theif,thief,typo,MH,
Question 689,thieves,thief,plural,MH,
Question 689,criminals,criminal,plural,MH,
Question 689,intruders,intruder,plural,MH,
Question 692,mountian,mountain,typo,MH,
Question 692,mountains,mountain,plural,MH,
Question 692,mines,mine,plural,MH,
Question 692,streams,stream,plural,MH,
Question 692,rivers,river,plural,MH,
Question 692,caves,cave,plural,MH,
Question 694,arm,arms,plural,MH,
Question 695,tac,tack,typo,MH,
Question 696,pijamas,pajamas,typo,MH,
Question 698,fins,fin,plural,MH,
Question 698,flippers,flipper,plural,MH,
Question 699,udders,udder,plural,MH,
Question 699,utter,udder,typo,MH,
Question 699,utters,udder,typo,MH,
Question 701,crayones,crayon,typo,MH,
Question 701,crayons,crayon,plural,MH,
Question 701,books,books,plural,MH,
Question 703,lyintg,lying,typo,MH,
Questino 703,lieing,lying,typo,MH,
Question 703,lies,lying,tense,MH,
Question 703,lie,lying,tense,MH,
Question 704,sparce,sparse,typo,MH,
Question 708,games,game,plural,MH,
Question 708,tournaments,tournament,plural,MH,
Question 713,windows,window,plural,MH,
Question 715,speaker,speakers,plural,MH,
Question 715,noises,noise,plural,MH,
Question 718,hanging,hung,tense,MH,
Question 721,stocks,stock,plural,MH,
Question 721,shares,share,plural,MH,
Question 722,shost,ghost,typo,MH,
Question 722,haint,saint,typo,MH,
Question 722,2nd,second,typo,MH,
Question 722,3rd,third,typo,MH,
Question 727,boun,noun,typo,MH,
Question 731,lemons,lemon,plural,MH,
Question 735,barette,barrette,typo,MH,
Question 735,barrett,barrette,typo,MH,
Question 735,scrunchee,scrunchie,typo,MH,
Question 735,scrunchy,scrunchie,typo,MH,
Question 736,fans,fan,plural,MH,
Question 737,scultpure,sculpture,typo,MH,
Question 737,pots,pot,plural,MH,
Question 737,vases,vase,plural,MH,
Question 738,unkown,unknown,typo,MH,
Question 738,rae disease,rare disease,typo,MH,
Question 741,wrongly,wrong,tense,MH,
Question 743,pup,puppy,typo,MH,
Question 744,shutup,shut up,typo,MH,
Question 744,be quite,be quiet,typo,MH,
Question 746,finalised,finalized,typo,MH,
Question 746,duel,dual,typo,MH,
Question 749,lupis,lupus,typo,MH,
Question 749,lime,lyme,typo,MH,
Question 749,iceburg,iceberg,typo,MH,
Question 749,rock,rocks,plural,MH,
Question 749,cliffs,cliff,plural,MH,
Question 749,shoals,shoal,plural,MH,
Question 752,coasters,coaster,plural,MH,
Question 752,roller coaster,rollercoaster,typo,MH,
Question 752,rollercoasters,rollercoaster,plural,MH,
Question 752,ride,rides,plural,MH,
Question 753,vengence,vengeance,typo,MH,
Question 753,vengance,vengeance,typo,MH,
Question 754,arguement,argument,typo,MH,
Question 756,looking ,look,tense,MH,
Question 757,theif,thief,typo,MH,
Question 757,culrpit,culprit,typo,MH,
Question 757,criminals,criminal,plural,MH,
Question 761,growling ,growl,tense,MH,
Question 762,finihed,finished,typo,MH,
Question 765,bicycyle,bicycle,typo,MH,
Question 769,posion,poison,typo,MH,
Question 769,victims,victim,plural,MH,
Question 769,captives,captive,plural,MH,
Question 769,toxins,toxin,plural,MH,
Question 769,hostages,hostage,plural,MH,
Question 770,courus,chorus,typo,MH,
Question 772,notes,note,plural,MH,
Question 773,hoove,hoof,typo,MH,
Question 773,hooves,hoof,plural,MH,
Question 773,fot,foot,typo,MH,
Question 773,feet,foot,plural,MH,
Question 774,kismit,kismet,typo,MH,
Question 778,emerylad,emerald,typo,MH,
Question 778,emeralds,emerald,plural,MH,
Question 781,tatoo,tattoo,typo,MH,
Question 781,pregancy,pregnancy ,typo,MH,
Quesion 781,delima,dilema,typo,MH,
Question 781,mistakes,mistake,plural,MH,
Question 781,behaviors,behavior,plural,MH,
Question 781,lies,lie,plural,MH,
Question 784,manevuer,maneuver,typo,MH,
Question 784,manuever,maneuver,typo,MH,
Question 785,wheez,wheeze ,typo,MH,
Question 785,caugh,cough,typo,MH,
Question 788,maime,maim,typo,MH,
Question 791,sails,sail,plural,MH,
Question 792,fields,field,plural,MH,
Question 793,parties,party,plural,MH,
Question 794,knit,knitted,tense,MH,
Question 794,sewn,sewed,tense,MH,
Question 796,blowout,blow-out,typo,MH,
Question 796,homerun,home run,typo,MH,
Question 797,cats,cat,plural,MH,
Question 797,dogs,dog,plural,MH,
Question 797,mother's,mother,typo,MH,
Question 797,sons,son,plural,MH,
Question 798,bag,bags,plural,MH,
Question 799,tange,tang,typo,MH,
Question 800,bel,bell,typo,BM,
Question 800,bells,bell,plural,BM,
Question 800,chimer,chime,typo,BM,
Question 801,rock,rocks,plural,BM,
Question 801,crowds,crowd,plural,BM,
Question 801,alligators,alligator,plural,BM,
Question 801,damn,dam,typo,BM,
Question 801,beavers,beaver,plural,BM,
Question 801,rafters,rafter,plural,BM,
Question 802,laws,law,plural,BM,
Question 802,lawyers,lawyers,plural,BM,
Question 802,courts,court,plural,BM,
Question 802,documents,document,plural,BM,
Question 803,years,year,plural,BM,
Question 804,key,keys,plural,BM,
Question 804,line,lines,plural,BM,
Question 805,rats,rat,plural,BM,
Question 805,mice,mouse,plural,BM,
Question 805,roaches,roach,plural,BM,
Question 810,$20,twenty,typo,BM,
Question 810,$100,hundred,typo,BM,
Question 810,100,hundred,typo,BM,
Question 811,lions,lion,plural,BM,
Question 811,tigers,tiger,plural,BM,
Question 811,bear,bears,plural,BM,
Question 811,alligators,alligator,plural,BM,
Question 811,elephant,elephants,plural,BM,
Question 811,monkeys,monkey,plural,BM,
Question 811,animials,animals,typo,BM,
Question 811,animal,animals,plural,BM,
Question 813,steriods,steroids,typo,BM,
Question 813,dope,doping,tense,BM,
Question 814,snobbish,snobby,tense,BM,
Question 815,clothing,clothes,tense,BM,
Question 815,dress,dresses,plural,BM,
Question 815,wig,wigs,plural,BM,
Question 815,cloths,clothes,typo,BM,
Question 816,hopes,hope,plural,BM,
Question 817,layed,laid,typo,BM,
Question 817,defacated,defecated,typo,BM,
Question 817,poo,pooped,tense,BM,
Question 822,prision,prison,typo,BM,
Question 823,brethed,breathed,typo,BM,
Question 825,vegetable,vegetables,plural,BM,
Question 825,brocolli,broccoli,typo,BM,
Question 825,pea,peas,plural,BM,
Question 825,pes,peas,typo,BM,
Question 825,brociolli,broccoli,typo,BM,
Question 826,signs,sign,plural,BM,
Question 827,yellowed,yellow,tense,BM,
Question 828,spitup,spit up,typo,BM,
Question 829,lighting,light,tense,BM,
Question 833,tanned,tan,tense,BM,
Question 835,shivver,shiver,typo,BM,
Question 836,cage,cages,plural,BM,
Question 836,coup,coops,typo,BM,
Question 836,pens,pen,plural,BM,
Question 837,knots,knot,plural,BM,
Question 839,heart,hear,typo,BM,
Question 840,grashopper,grasshopper,typo,BM,
Question 840,caterpiller,caterpillar,typo,BM,
Question 841,rewach,reach,typo,BM,
Question 844,broke,broken,tense,BM,
Question 845,breaks,brakes,plural,BM,
Question 845,brake,brakes,typo,BM,
Question 845,light,lights,plural,BM,
Question 846,walls,wall,plural,BM,
Question 846,wall`,wall,typo,BM,
Question 854,lizzard,lizard,typo,HG,
Question 856,bby,baby,typo,HG,
Question 857,ethusiasm,enthusiasm,typo,HG,
Question 859,pourous,porous,typo,HG,
Question 859,managable,manageable,typo,HG,
Question 859,concret,concrete,typo,HG,
Question 861,dictaor,dictator,typo,HG,
Question 861,matriach,matriarch,typo,HG,
Question 861,monarche,monarch,typo,HG,
Question 862,molt,mold,typo,HG,
Question 862,molder,mold,tense,HG,
Question 862,mould,mold,typo,HG,
Question 863,loonie,loon,typo,HG,
Question 863,bluejay,blue jay,typo,HG,
Question 864,starchy,starched,typo,HG,
Question 864,courderoy,corduroy,typo,HG,
Question 864,cordruoy,corduroy,typo,HG,
Question 864,course,coarse,typo,HG,
Question 866,fanfair,fanfare,typo,HG,
Question 866,antisipation,anticipation,typo,HG,
Question 866,surpsrise,surprise,typo,HG,
Question 866,enthusiam,enthusiasm,typo,HG,
Question 870,laugher,laughter,typo,HG,
Question 872,pary,pray,typo,HG,
Question 874,conconction,concoction,typo,HG,
Question 875,blusher,blush,typo,HG,
Question 877,sadle,saddle,typo,HG,
Question 877,rein,reins,plural,HG,
Question 877,saddel,saddle,typo,HG,
Question 877,reigns,reins,typo,HG,
Question 877,bridal,bridle,typo,HG,
Question 877,reign,reins,typo,HG,
Question 878,pandas,panda,plural,HG,
Question 878,penguin,penguins,plural,HG,
Question 878,monkeys,monkey,plural,HG,
Question 878,panda`,panda,typo,HG,
Question 878,meercat,meerkat,typo,HG,
Question 878,cubs,cub,plural,HG,
Question 878,chimps,chimp,plural,HG,
Question 878,otter,otters,plural,HG,
Question 882,hosue,house,typo,HG,
Question 884,exibit,exhibit,typo,HG,
Question 886,kids,kid,plural,HG,
Question 886,child,children,plural,HG,
Question 886,chicld,children,typo,HG,
Question 888,hamme,hammer,typo,HG,
Question 888,wrentch,wrench,typo,HG,
Question 890,sca,scam,typo,HG,
Question 892,compsure,composure,typo,HG,
Question 893,spped,speed,typo,HG,
Question 894,indians,indian,plural,HG,
Question 895,mit,mitt,typo,HG,
Question 895,themometer,thermometer,typo,HG,
Question 896,barked,bark,tense,HG,
Question 898,sails,sail,plural,HG,
Question 899,pirch,perch,typo,HG,
Question 899,eyrie,aerie,typo,HG,
Question 899,pearch,perch,typo,HG,
Question 900,thrills,thrill,plural,HG,
Question 900,spped,speed,typo,HG,
Question 900,loop,loops,plural,HG,
Question 900,hill,hills,plural,HG,
Question 901,begineer,beginner,typo,BM,
Question 903,saurdays,saturdays,typo,BM,
Question 903,sunday,sundays,plural,BM,
Question 904,admonishion,admonition,typo,BM,
Question 905,claw,claws,plural,BM,
Question 905,fang,fangs,plural,BM,
Question 905,tooth,teeth,plural,BM,
Question 908,guita,guitar,typo,BM,
Question 908,banjoj,banjo,typo,BM,
Question 908,obe,oboe,typo,BM,
Question 909,chock,choke,typo,BM,
Question 910,pant,panting,tense,BM,
Question 910,breathe,breathing,tense,BM,
Question 910,gasp,gasping,tense,BM,
Question 910,weezing,wheezing,typo,BM,
Question 910,falling,fall,tense,BM,
Question 910,approach,approaching,tense,BM,
Question 911,tried,tired,typo,BM,
Question 911,vigour,vigor,typo,BM,
Question 915,curves,curve,plural,BM,
Question 915,symmentry,symmetry,typo,BM,
Question 918,theif,thief,typo,BM,
Question 922,tounge,tongue,typo,BM,
Question 922,shoelace,shoelaces,plural,BM,
Question 922,foot,feet,plural,BM,
Question 924,injuury,injury,typo,BM,
Question 927,hoofs,hooves,typo,BM,
Question 927,hoofs,hooves,plural,BM,
Question 927,foot,feet,plural,BM,
Question 927,shoe,shoes,plural,BM,
Question 928,lovw,love,typo,BM,
Question 928,loev,love,typo,BM,
Question 929,coacoa,cocoa,typo,BM,
Question 930,counterfit,counterfeit,typo,BM,
Question 930,counterfiet,counterfeit,typo,BM,
Question 934,vegetable,vegetables,plural,AZ,
Question 934,spanich,spinach,typo,AZ,
Question 938,plan,plans,plural,AZ,
Question 939,chores,chore,plural,AZ,
Question 940,pies,pie,plural,AZ,
Question 942,rule,rules,plural,AZ,
Question 946,sooth,soothe,typo,AZ,
Question 951,ripe,ripen,tense,AZ,
Question 951,rotten,rot,tense,AZ,
Question 954,practise,practice,typo,AZ,
Question 960,barking,bark,tense,AZ,
Question 962,snaje,snake,typo,AZ,
Question 967,seed,seeds,plural,AZ,
Question 967,peeling,peelings,plural,AZ,
Question 969,set,sat,typo,AZ,
Question 969,lied,lived,typo,AZ,
Question 973,railing,railings,plural,AZ,
Question 973,beam,beams,plural,AZ,
Question 973,cracks,crack,plural,AZ,
Question 973,damages,damage,plural,AZ,
Question 973,support,supports,plural,AZ,
Question 973,beems,beams,typo,AZ,
Question 973,rail,rails,plural,AZ,
Question 974,spokes,spoke,plural,AZ,
Question 974,wheels,wheel,plural,AZ,
Question 974,axel,axle,typo,AZ,
Question 978,too,to,typo,AZ,
Question 978,metitated,meditated,typo,AZ,
Question 978,medication,medications,plural,AZ,
Question 979,tiles,tile,plural,AZ,
Question 979,linolium,linoleum,typo,AZ,
Question 979,linoleaom,linoleum,typo,AZ,
Question 981,0,zero,typo,AZ,
Question 982,folks,folk,plural,AZ,
Question 984,song,songs,plural,MH,
Question 984,tune,tunes,plural,MH,
Question 985,administator,administrator,typo,MH,
Question 985,adminstrator,administrator,typo,MH,
Question 986,ringing ,ring,tense,MH,
Question 987,screws,screw,plural,MH,
Question 987,part,parts,plural,MH,
Question 987,hing,hinge,typo,MH,
Question 987,pieces,piece,plural,MH,
Question 987,nails,nail,plural,MH,
Question 990,peave,peeve,typo,MH,
Question 990,pevee,peeve,typo,MH,
Question 990,peive,peeve,typo,MH,
Question 991,sautee,saute,typo,MH,
Question 991,flambay,flambe,typo,MH,
Question 993,raccoon,racoon,typo,MH,
Question 993,rats,rat,plural,MH,
Question 994,chesse,cheese,typo,MH,
Question 994,pepper,peppers,plural,MH,
Question 995,temperatures,temperature,plural,MH,
Question 996,valleys,valley,plural,MH,
Question 996,caves,cave,plural,MH,
Question 997,numbers,number,plural,MH,
Question 998,damn,dam,typo,MH,
Question 998,levy,levee,typo,MH,
Question 998,dyke,dike,typo,MH,
Question 998,levies,levee,plural,MH,
Question 998,walls,wall,plural,MH,
Question 998,levees,levee,plural,MH,
Question 1002,diseases,disease,plural,MH,
Question 1002,illnesses,illness,plural,MH,
Question 1002,pains,pain,plural,MH,
Question 1004,smilke,smile,typo,MH,
Question 1004,moustache,mustache,typo,MH,
Question 1004,looks,look,plural,MH,
Question 1007,egg,eggs,plural,MH,
Question 1007,berrys,berries,typo,MH,
Question 1009,opened,open,tense,MH,
Question 1013,cotten,cotton ,typo,MH,
Question 1014,hoops,hoop,plural,MH,
Question 1015,emails,email,plural,MH,
Question 1019,loaves,loaf,plural,MH,
Question 1019,muffins,muffin,plural,MH,
Question 1020,gig,gigs,plural,MH,
Question 1020,job,jobs,plural,MH,
Question 1021,cuds,cud,plural,MH,
Question 1021,crud,curd,typo,MH,
Question 1025,vengence,vengeance,typo,MH,
Question 1026,organzie,organize,typo,MH,
Question 1027,temperature,temperatures,plural,MH,
Question 1029,areas,area,plural,MH,
Question 1029,hill,hills,plural,MH,
Question 1029,lands,land,plural,MH,
Question 1032,baggette,bagguette,typo,MH,
Question 1035,seperately,separately ,typo,MH,
Question 1035,cheaply,cheap,tense,MH,
Question 1036,mountaintp,mountaintop,typo,MH,
Question 1036,mountains,mountain,typo,MH,
Question 1040,rath,wrath,typo,MH,
Question 1040,punnishment,punishment,typo,MH,
Question 1040,wraith,wrath,typo,MH,
Question 1041,cotq,cot,typo,MH,
Question 1041,matress,mattress,typo,MH,
Question 1041,tend,tent,typo,MH,
Question 1042,craft,candles,plural,AZ,
Question 1043,thief,thieves,plural,AZ,
Question 1046,wain,wane,typo,AZ,
Question 1052,a minute, minute,typo,AZ,
Question 1053,pens,pen,plural,AZ,
Question 1054,levy,levee,typo,AZ,
Question 1054,walls,wall,plural,AZ,
Question 1054,dikes,dike,plural,AZ,
Question 1054,damn,dam,typo,AZ,
Question 1054,levies,levees,typo,AZ,
Question 1054,levees,levee,plural,AZ,
Question 1055,saloon,salon,typo,AZ,
Question 1056,burns,burn,plural,AZ,
Question 1056,chile,chill,typo,AZ,
Question 1056,rashes,rash,plural,AZ,
Question 1056,chil,chill,typo,AZ,
Question 1057,pieces,piece,plural,AZ,
Question 1057,pawns,pawn,plural,AZ,
Question 1057,opponet,opponent,typo,AZ,
Question 1062,cired,cried,typo,AZ,
Question 1063,cars,car,plural,AZ,
Question 1066,dagerous,dangerous,typo,AZ,
Question 1067,balls,ball,plural,AZ,
Question 1068,sylish,stylish,typo,AZ,
Question 1070,10,ten,typo,AZ,
Question 1070,100,one hundred,typo,AZ,
Question 1070,20,twenty,typo,AZ,
Question 1070,4,four,typo,AZ,
Question 1070,2,two,typo,AZ,
Question 1071,noise,noises,plural,AZ,
Question 1072,insaine,insane,typo,AZ,
Question 1073,shelves,shelf,plural,AZ,
Question 1073,shelve,shelf,typo,AZ,
Question 1077,glove,gloves,plural,AZ,
Question 1077,tools,tool,plural,AZ,
Question 1079,toliet,toilet,typo,AZ,
Question 1080,auhentic,authentic,typo,AZ,
Question 1081,snader,sander,typo,AZ,
Question 1081,sandere,sander,typo,AZ,
Question 1086,penn,pen,typo,AZ,
Question 1087,trees,tree,plural,AZ,
Question 1087,doors,door,plural,AZ,
Question 1089,ingrediants,ingredients,typo,AZ,
Question 1090,hive,hives,plural,AZ,
Question 1096,knott,knot,typo,AZ,
Question 1098,loins ,loin,plural,AZ,
Question 1098,tenderloins,tenderloin,plural,AZ,
Question 1098,rib,ribs,plural,AZ,
Question 1098,bellies,belly,plural,AZ,
Question 1098,sausages,sausage,plural,AZ,
Question 1098,rhinds,rinds,typo,AZ,
Question 1099,rack,racks,plural,AZ,
Question 1099,shelf,shelves,plural,AZ,
Question 1100,competiton,competition,typo,BM,
Question 1101,wit,wits,plural,BM,
Question 1101,brains,brain,plural,BM,
Question 1101,brian,brain,typo,BM,
Question 1104,war,wars,plural,BM,
Question 1104,tensions,tension,plural,BM,
Question 1104,divde,divide,typo,BM,
Question 1106,shirts,shirt,plural,BM,
Question 1110,pillows,pillow,plural,BM,
Question 1113,sticks,stick,plural,BM,
Question 1113,rocks,rock,plural,BM,
Question 1113,cracks,crack,plural,BM,
Question 1115,bilk,milk,typo,BM,
Question 1117,sensative,sensitive,typo,BM,
Question 1117,senstive,sensitive,typo,BM,
Question 1119,rosey,rosy,typo,BM,
Question 1120,reign,rein,typo,BM,
Question 1120,reins,rein,plural,BM,
Question 1123,meany,meanie,typo,BM,
Question 1124,bath,bathe,typo,BM,
Question 1126,clear,cleared,tense,BM,
Question 1129,rythm,rhythm,typo,BM,
Question 1129,palpitation,palpitations,plural,BM,
Question 1129,rythms,rhythm,typo,BM,
Question 1131,puch,push,typo,BM,
Question 1134,lair,liar,typo,BM,
Question 1136,sails,sail,plural,BM,
Question 1136,rope,ropes,plural,BM,
Question 1137,winds,wind,plural,BM,
Question 1137,seas,sea,plural,BM,
Question 1137,sails,sail,plural,BM,
Question 1139,gaol,goal,typo,BM,
Question 1141,lite,lit,typo,BM,
Question 1142,disater,disaster,typo,BM,
Question 1142,diaster,disaster,typo,BM,
Question 1142,m ss,mess,typo,BM,
Question 1144,bird,birds,plural,BM,
Question 1145,gills,gill,plural,BM,
Question 1145,gil,gill,typo,BM,
Question 1145,lungs,lung,plural,BM,
Question 1146,croon,crone,typo,BM,
Question 1146,women,woman,plural,BM,
Question 1148,sweaters,sweater,plural,BM,
Question 1149,ingury,injury,typo,BM,
Question 1149,half time,halftime,typo,BM,
Question 1149,time-out,timeout,typo,BM,
Question 1150,honking ,honk,tense,MH,
Question 1150,backfiring,backfire,tense,MH,
Question 1150,crashing,crash,tense,MH,
Question 1151,survuve,survive,typo,MH,
Question 1156,rocks,rock,plural,MH,
Question 1158,softa,sofa,typo,MH,
Question 1158,coach,couch,typo,MH,
Question 1160,penicl,pencil,typo,MH,
Question 1162,woke,awoke,typo,MH,
Question 1162,awoken,awoke,tense,MH,
Question 1162,woke up,awoke,typo,MH,
Question 1164,sigh,sign,typo,MH,
Question 1166,badges,badge,plural,MH,
Question 1168,baths,bath,plural,MH,
Question 1168,bathe,bath,tense,MH,
Question 1171,bones,bone,plural,MH,
Question 1171,marshmellows,marshmallows,typo,MH,
Question 1175,knitt,knit,typo,MH,
Question 1175,kint,knit,typo,MH,
Question 1176,appaling,appalling,typo,MH,
Question 1176,appauling,appalling,typo,MH,
Question 1176,unbareable,unbearable ,typo,MH,
Question 1176,intollerable,intolerable,typo,MH,
Question 1176,dispicable,despicable,typo,MH,
Question 1176,gorse,gross,typo,MH,
Question 1178,turns,turn,plural,MH,
Question 1178,curves,curve,plural,MH,
Question 1180,robe',robe,typo,MH,
Question 1182,fears,fear,plural,MH,
Question 1182,jelousy,jealousy,typo,MH,
Question 1183,painting ,paint,tense,MH,
Question 1182,paintjob,paint job,typo,MH,
Question 1188,pilage,pillage,typo,MH,
Question 1189,wellbeing,well-being,typo,MH,
Question 1190,restauraunt,restaurant,typo,MH,
Question 1190,restauran,restaurant,typo,MH,
Question 1190,resturant,restaurant,typo,MH,
Question 1190,restaraunt,restaurant,typo,MH,
Question 1193,mayonaise,mayonnaise,typo,MH,
Question 1193,mayonaisse,mayonnaise,typo,MH,
Question 1193,grav,gravy,typo,MH,
Question 1195,caraffe,carafe,typo,MH,
Question 1195,thermus,thurmos,typo,MH,
Question 1197,tree,trees,plural,MH,
Question 1200,wealthest,wealthiest,typo,MH,
Question 1201,apparation,apparition,typo,MH,
Question 1201,ghosts,ghost,plural,MH,
Question 1201,spirits,spirit,plural,MH,
Question 1204,arms,arm,plural,MH,
Question 1204,hing,hinge,typo,MH,
Question 1206,immensly,immensely,typo,MH,
Question 1207,wiwne,wine,typo,MH,
Question 1207,wiskey,whiskey,typo,MH,
Question 1207,whisky,whiskey,typo,MH,
Question 1209,easle,easel,typo,MH,
Question 1209,pallette,palette,typo,MH,
Question 1209,brushes,brush,plural,MH,
Question 1209,colors,color,plural,MH,
Question 1212,boyd,body,typo,MH,
Question 1212,fin,fins,plural,MH,
Question 1214,omlette,omelet,typo,MH,
Question 1218,paints,paint,plural,MH,
Question 1219,howling,howl,tense,MH,
Question 1220,suncreen,sunscreen,typo,MH,
Question 1223,posess,possess,typo,MH,
Question 1223,exibit,exhibit,typo,MH,
Question 1223,poses,possess,typo,MH,
Question 1224,gmo's ,gmos,typo,MH,
Question 1225,buffed,buff,typo,MH,
Question 1228,omolette,omelet,typo,MH,
Question 1228,dishes,dish,plural,MH,
Question 1229,gray,grey,typo,MH,
Question 1230,pose,poise,typo,MH,
Question 1231,sisters,sister,plural,MH,
Question 1231,brothers,brother,plural,MH,
Question 1235,cotten,cotton ,typo,MH,
Question 1236,asprin,aspirin,typo,MH,
Question 1237,araigned,arraigned,typo,MH,
Question 1237,we'd,wed,typo,MH,
Question 1240,rocks,rocks,plural,MH,
Question 1240,sharks,shark,plural,MH,
Question 1241,sooth,soothe,typo,MH,
Question 1245,outlow,outlaw,typo,MH,
Question 1245,price,prince,typo,MH,
Question 1246,tomatoe,tomatoes,plural,MH,
Question 1246,tomoato,tomatoes,typo,MH,
Question 1246,pumpkins,pumpkin,plural,MH,
Question 1246,cows,cow,plural,MH,
Question 1247,over due,overdue,typo,MH,
Question 1248,leevee,levee,typo,MH,
Question 1248,pipes,pipe,plural,MH,
Question 1248,sewers,sewer,plural,MH,
Question 1248,dike,dyke,typo,MH,
Question 1250,champions,champion ,plural,MH,
Question 1251,breathe,breath,typo,BM,
Question 1253,bushes,bush,plural,BM,
Questino 1253,bish,bush,typo,BM,
Question 1255,diddy,ditty,typo,BM,
Question 1255,gig,jig,typo,BM,
Question 1259,complaints,complaint,typo,BM,
Question 1259,atttitude,attitude,typo,BM,
Question 1259,remarks,remark,plural,BM,
Question 1259,demand,demands,plural,BM,
Question 1262,fasion,fashion,typo,BM,
Question 1263,churp,chirp,typo,BM,
Question 1265,failed,fail,tense,BM,
Question 1268,sails,sail,plural,BM,
Question 1270,pieces,piece,plural,BM,
Question 1271,girl,girls,plural,BM,
Question 1271,woman,women,plural,BM,
Question 1271,guys,guy,plural,BM,
Question 1271,lady,ladies,plural,BM,
Question 1272,lakes,lake,plural,BM,
Question 1273,mosturize,moisturize,typo,BM,
Question 1273,weightlifting,weightlift,tense,BM,
Question 1275,burned,burnt,typo,BM,
Question 1277,person,people,plural,BM,
Question 1277,woman,women,plural,BM,
Question 1277,man,men,plural,BM,
Question 1278,moths,moth,plural,BM,
Question 1278,mous3,mouse,typo,BM,
Question 1281,ghost,ghosts,plural,BM,
Question 1283,batteries,battery,plural,BM,
Question 1284,earplugs,earplug,plural,BM,
Question 1284,earmuffs,earmuff,plural,BM,
Question 1286,collar bone,collarbone,typo,BM,
Question 1286,ear,ears,plural,BM,
Question 1290,ghosts,ghost,plural,BM,
Question 1290,spiril,spirit,typo,BM,
Question 1292,farse,farce,typo,BM,
Question 1292,fraude,fraud,typo,BM,
Question 1292,haux,hoax,typo,BM,
Question 1294,chruch,church,typo,BM,
Question 1295,digged,dug,typo,BM,
Question 1295,build,built,tense,BM,
Question 1299,peeling,peel,tense,BM,
Question 1303,tool,tools,plural,BM,
Question 1305,goats,goat,plural,BM,
Question 1305,ducks,duck,plural,BM,
Question 1305,lambs,lamb,plural,BM,
Question 1305,cows,cow,plural,BM,
Question 1306,circles,circle,plural,BM,
Question 1306,lines,line,plural,BM,
Question 1306,circlr,circle,typo,BM,
Question 1306,figures,figure,plural,BM,
Question 1308,melting,melted,tense,BM,
Question 1310,homebase,home base,typo,BM,
Question 1314,runnerup,runner-up,typo,BM,
Question 1314,1st,first,typo,BM,
Question 1316,failed,failing,tense,BM,
Question 1316,disiplined,disciplined,typo,BM,
Question 1320,i.d,id,typo,BM,
Question 1322,bag`,bag,typo,BM,
Questino 1322,baskeet,basket,typo,BM,
Question 1322,suicase,suitcase,typo,BM,
Question 1323,stoller,stroller,typo,BM,
Question 1325,miles,mile,plural,BM,
Question 1328,whisky,whiskey,typo,BM,
Quesrion 1329,sooth,soothe,typo,BM,
Question 1329,smooth it,soothe it,typo,BM,
Question 1330,adult,adults,plural,BM,
Question 1331,holstien,holstein,typo,BM,
Question 1333,step,steps,plural,BM,
Question 1336,few`,few,typo,BM,
Question 1340,tyme,thyme,typo,BM,
Question 1340,chesse,cheese,typo,BM,
Question 1341,pet-peeve,pet peeve,typo,BM,
Question 1341,petpeeve,pet peeve,typo,BM,
Question 1341,petpeave,pet peeve,typo,BM,
Question 1345,conartist,con artist,typo,BM,
Question 1345,theif,thief,typo,BM,
Question 1349,kane,cane,typo,BM,
Question 1350,roap,rope,typo,MH,
Question 1350,tope,rope,typo,MH,
Question 1351,stronger,strong,tense,MH,
Question 1351,bigger,big,tense,MH,
Question 1353,poo,poop,typo,MH,
Question 1353,dog poo,dog poop,typo,MH,
Question 1354,wimper,whimper,typo,MH,
Question 1355,beet,beets,plural,MH,
Question 1357,robes,robe,plural,MH,
Question 1357,rove,robe,typo,MH,
Question 1358,scratcher,scratch,tense,MH,
Question 1358,massager ,massage,tense,MH,
Question 1359,invitiation,invitation,typo,MH,
Question 1361,koolaid,kool-aid,typo,MH,
Question 1362,ceromoniers,ceremony,typo,MH,
Question 1362,deciet,deceit,typo,MH,
Question 1362,jokes,joke,plural,MH,
Question 1362,arts,art,plural,MH,
Question 1362,laughs,laughter,tense,MH,
Question 1365,watcvh,watch,typo,MH,
Question 1366,tools,tool,plural,MH,
Question 1367,theif,thief,typo,MH,
Question 1367,workre,worker,typo,MH,
Question 1367,burgler,burglar,typo,MH,
Question 1367,burgular,burglar,typo,MH,
Question 1373,liet,lit,typo,MH,
Question 1373,broke,broken,tense,MH,
Question 1373,themometer,thermometer,typo,MH,
Question 1376,expenses,expense,plural,MH,
Question 1376,costs,cost,plural,MH,
Question 1379,cougth,cough,typo,MH,
Question 1380,lights,light,plural,MH,
Question 1381,prepara,prepare,typo,MH,
Question 1382,diferent,different,typo,MH,
Question 1383,welts,welt,plural,MH,
Question 1384,film,films,plural,MH,
Question 1384,movie,movies,plural,MH,
Question 1389,msut,must,typo,MH,
Question 1394,windows,window,plural,MH,
Question 1395,canp,camp,typo,MH,
Question 1396,fillie,filly,typo,MH,
Question 1397,strides,stride,plural,MH,
Question 1399,sign,signs,plural,MH,
Question 1399,light,lights,plural,MH,
Question 1399,corners,corner,plural,MH,
Question 1399,car,cars,plural,MH,
Question 1400,rennisance ,renaissance,typo,MH,
Question 1400,troubador,troubadours,typo,MH,
Question 1400,minstrals,minstrel,typo,MH,
Question 1400,harps,harp,plural,MH,
Question 1400,bands,band,plural,MH,
Question 1400,lutes,lute,plural,MH,
Question 1404,huose,house,typo,MH,
Question 1406,fell,fall,tense,MH,
Question 1411,bales,bale,plural,MH,
Question 1413,pic,pick,typo,MH,
Question 1419,puch,pouch,typo,MH,
Question 1419,pouches,pouch,plural,MH,
Question 1419,mouths,mouth,plural,MH,
Question 1421,beatle,beetle,typo,MH,
Question 1426,tatoo,tattoo,typo,MH,
Question 1428,blisters,blister,plural,MH,
Question 1428,corns,corn,plural,MH,
Question 1428,aches,ache,plural,MH,
Question 1430,wall paper,wallpaper,typo,MH,
Question 1430,flower,flowers,plural,MH,
Question 1430,colors,color,plural,MH,
Question 1430,picture,pictures,plural,MH,
Question 1430,lamp,lamps,plural,MH,
Question 1430,painting,paintings,plural,MH,
Question 1433,waken,awaken,typo,MH,
Question 1433,awake,awaken,tense,MH,
Question 1436,arguement,argument,typo,MH,
Question 1436,fued,feud,typo,MH,
Question 1436,tift,tiff,typo,MH,
Question 1436,disagreements,disagreement,plural,MH,
Question 1436,spats,spat,plural,MH,
Question 1439,fighting,fight,tense,MH,
Question 1441,rearend,rear end,typo,MH,
Question 1442,crying,cry,tense,MH,
Question 1443,pockets,pocket,plural,MH,
Question 1443,sleeves,sleeve,plural,MH,
Question 1444,build,built,tense,MH,
Question 1445,meany,meanie,typo,MH,
Question 1446,guid,guide,typo,MH,
Question 1447,ry,cry,typo,MH,
Question 1449,squeek,squeak,typo,MH,
Question 1449,grut,grunt,typo,MH,
Question 1450,beac,beach,typo,BM,
Question 1452,pshyco,psycho,typo,BM,
Question 1453,spice,splices,plural,BM,
Question 1453,tyme,thyme,typo,BM,
Question 1453,cinammon,cinnamon,typo,BM,
Question 1453,paprica,paprika,typo,BM,
Question 1455,diamon,diamond,typo,BM,
Question 1455,stars,star,plural,BM,
Question 1457,pears,pear,plural,BM,
Question 1457,apples,apple,plural,BM,
Question 1457,candies,candy,plural,BM,
Question 1457,avacado,avocado,typo,BM,
Question 1457,fruits,fruit,plural,BM,
Question 1457,berries,berry,plural,BM,
Question 1457,treats,treat,plural,BM,
Question 1457,delicacies,delicacy,plural,BM,
Question 1460,theif,thief,typo,BM,
Question 1460,asshat`,asshat,typo,BM,
Question 1460,fruad,fraud,typo,BM,
Question 1462,gloves,glove,plural,BM,
Question 1462,mittens,mitten,plural,BM,
Question 1466,ludacris,ludicrous,typo,BM,
Question 1466,lucridous,lucrative,typo,BM,
Question 1466,far fetched,far-fetched,typo,BM,
Question 1470,knit,knitted,tense,BM,
Question 1472,bak,bake,typo,BM,
Question 1474,crop,crops,plural,BM,
Question 1474,fruit,fruits,plural,BM,
Question 1474,vegetable,vegetables,plural,BM,
Question 1474,pig,pigs,plural,BM,
Question 1474,cow,cows,plural,BM,
Question 1475,sleepingbag,sleeping bag,typo,AZ,
Question 1475,matteress,mattress,typo,AZ,
Question 1476,be tested,test,tense,AZ,
Question 1477,ligher,light,tense,AZ,
Question 1479,hosue,house,typo,AZ,
Question 1482,towl,towel,typo,AZ,
Question 1483,solider,soldier,typo,AZ,
Question 1483,soilder,soldier,typo,AZ,
Question 1486,4,four,typo,AZ,
Question 1486,2,two,typo,AZ,
Question 1486,7,seven,typo,AZ,
Question 1486,6,six,typo,AZ,
Question 1486,10,ten,typo,AZ,
Question 1486,8,eight,typo,AZ,
Question 1489,bit,bitten,tense,AZ,
Question 1489,bite,bitten,tense,AZ,
Question 1490,teidious,tedious,typo,AZ,
Question 1490,die,due,typo,AZ,
Question 1491,knose,nose,typo,AZ,
Question 1492,rags,rag,plural,AZ,
Question 1492,sponges,sponge,plural,AZ,
Question 1494,bare,bear,typo,AZ,
Question 1496,cannister,canister,typo,AZ,
Question 1501,windsill,windowsill,typo,AZ,
Question 1502,nosed,nose,typo,AZ,
Question 1504,soultion,solution,typo,AZ,
Question 1507,solice,solace,typo,AZ,
Question 1511,burned,burnt,typo,AZ,
Question 1513,lines,line,plural,AZ,
Question 1513,pages,page,plural,AZ,
Question 1513,ceremy,ceremony,typo,AZ,
Question 1518,lite,lit,typo,AZ,
Question 1518,light,lit,tense,AZ,
Question 1518,lighted,lit,tense,AZ,
Question 1520,boys,boy,plural,AZ,
Question 1521,advertized,advertised,typo,AZ,
Question 1523,neaty,neat,typo,AZ,
Question 1526,sakt,salt,typo,AZ,
Question 1526,auce,sauce,typo,AZ,
Question 1530,watermellon,watermelon,typo,AZ,
Question 1533,quinch,quench,typo,AZ,
Question 1535,choices,choice,plural,AZ,
Question 1535,solutions,solution,plural,AZ,
Question 1536,20,twenty,typo,AZ,
Question 1536,finfished,finished,typo,AZ,
Question 1538,weed,weeds,typo,AZ,
Question 1540,fiar,fair,typo,AZ,
Question 1540,carvinal,carnival,typo,AZ,
Question 1541,spots,spot,plural,AZ,
Question 1541,smudges,smudge,plural,AZ,
Question 1541,finger prints,fingerprints,typo,AZ,
Question 1541,fingerprint,fingerprints,plural,AZ,
Question 1541,dish,dishes,plural,AZ,
Question 1541,edge,edges,plural,AZ,
Question 1542,watermain,water main,typo,AZ,
Question 1542,watermaine,water main,typo,AZ,
Question 1542,levy,levee,typo,AZ,
Question 1542,levie,levee,typo,AZ,
Question 1542,damn,dam,typo,AZ,
Question 1545,"""""wait""""",wait,typo,AZ,
Question 1546,feather,feathers,plural,MH,
Question 1546,a feather,feathers,plural,MH,
Question 1546,mrashmellow,marshmallows,typo,MH,
Question 1551,sirens,siren,plural,MH,
Question 1551,noice,noise,typo,MH,
Question 1553,doubts ,doubt,plural,MH,
Question 1553,suspicions,suspicion,plural,MH,
Question 1554,animals,animal,plural,MH,
Question 1555,slid,slide,typo,MH,
Question 1555,bannister,banister,typo,MH,
Question 1556,bushes,bush,plural,MH,
Question 1556,shub,shrub,typo,MH,
Question 1556,shrubs,shrub,plural,MH,
Question 1557,unbrella,umbrella,typo,MH,
Question 1558,recipie,recipe,typo,MH,
Question 1558,suace,sauce,typo,MH,
Question 1558,receipe,recipe,typo,MH,
Question 1558,recipes,recipe,plural,MH,
Question 1560,mountains,mountain,plural,MH,
Question 1562,victimm,victim,typo,MH,
Question 1565,termors,tremors,typo,MH,
Question 1565,excitment,excitement,typo,MH,
Question 1565,parkinson's,parkinsons,typo,MH,
Question 1566,croud,crowd,typo,MH,
Question 1570,grinding,grind,tense,MH,
Question 1570,gnashing,gnash,tense,MH,
Question 1570,shattering,chatter ,typo,MH,
Question 1571,appearace,appearance,typo,MH,
Question 1571,looks,look,plural,MH,
Question 1571,clothes,clothing,plural,MH,
Question 1574,kithen,kitchen,typo,MH,
Question 1575,onion,onions,plural,MH,
Question 1577,vehichles,vehicles,typo,MH,
Question 1577,monuments,monument,plural,MH,
Question 1577,building ,buildlings,plural,MH,
Question 1577,stores,store,plural,MH,
Question 1579,authenicated,authentic,typo,MH,
Question 1579,origional,original,typo,MH,
Question 1579,fonished,finished,typo,MH,
Question 1581,woner,wonder,typo,MH,
Question 1583,dsiperse,disperse,typo,MH,
Question 1586,rath,wrath,typo,MH,
Question 1586,wrathpu,wrath,typo,MH,
Question 1586,powers,power,plural,MH,
Question 1586,wraith,wrath,typo,MH,
Question 1588,antennae,antenna,typo,MH,
Question 1589,pup,puppy,typo,MH,
Question 1590,couch,cough,typo,MH,
Question 1591,carribou,caribou,typo,MH,
Question 1592,sails,sail,plural,MH,
Question 1592,ropes,rope,plural,MH,
Question 1592,oars,oar,plural,MH,
Question 1593,pigq,pig,typo,MH,
Question 1593,pigs,pig,plural,MH,
Question 1594,life-jacket,life jacket,typo,MH,
Question 1594,lifejacket,life jacket,typo,MH,
Question 1596,yaht,yacht,typo,MH,
Question 1596,yatch,yacht,typo,MH,
Question 1596,yaght,yacht,typo,MH,
Question 1596,baot,boat,typo,MH,
Question 1597,fighting,fight,tense,MH,
Question 1599,sooth,soothe,typo,MH,
Question 1600,hills,hill,plural,MH,
Question 1600,trails,trail,plural,MH,
Question 1607,turn-off,turnoff,typo,MH,
Question 1611,cigarett,cigarette,typo,MH,
Question 1611,candles,candle,plural,MH,
Question 1612,mohter,mother,typo,MH,
Question 1613,apperance,appearance,typo,MH,
Question 1613,comment,comments,plural,MH,
Question 1613,manner,manners,plural,MH,
Question 1613,demand,demands,plural,MH,
Question 1616,hilbilly,hillbilly,typo,MH,
Question 1617,courts,court,plural,MH,
Question 1617,cops,cop,plural,MH,
Question 1617,tickets,ticket,plural,MH,
Question 1621,debts,debt,plural,MH,
Question 1621,dept,debt,typo,MH,
Question 1622,fus,fuss,typo,MH,
Question 1626,gir,girl,typo,MH,
Question 1630 ,breech,breach,typo,MH,
Question 1634,tare,tear,typo,BM,
Question 1636,wretch,retch,typo,BM,
Question 1642,bad mod,bad mood,typo,BM,
Question 1646,genes,gene,plural,BM,
Question 1646,diease,disease,typo,BM,
Question 1647,deack,deck,typo,BM,
Question 1649,soul mate,soulmate,typo,BM,
Question 1649,fiancee,fiance,typo,BM,
Question 1649,bestfriend,best friend,typo,BM,
Question 1649,best-friend,best friend,typo,BM,
Question 1651,tiip,tip,typo,BM,
Question 1653,playboy's,playboys,typo,BM,
Question 1653,condom,condoms,plural,BM,
Question 1655,conidtion,condition,typo,BM,
Question 1655,lession,lesion,typo,BM,
Question 1657,,,,,
